Pfannkuchen,0,16789
Pfannkuchen,1,16564
Pfannkuchen,2,16828
Pfannkuchen,3,342
Pfannkuchen,4,340
Pfannkuchen,5,350
Pfannkuchen,6,341
Pfannkuchen,7,343
Pfannkuchen,8,340
Pfannkuchen,9,341
Pfannkuchen,10,341
Pfannkuchen,11,342
Pfannkuchen,12,340
Pfannkuchen,13,341
Pfannkuchen,14,340
Pfannkuchen,15,340
Pfannkuchen,16,340
Pfannkuchen,17,340
Pfannkuchen,18,342
Pfannkuchen,19,346
Pfannkuchen,20,342
Pfannkuchen,21,357
Pfannkuchen,22,341
Pfannkuchen,23,343
Pfannkuchen,24,345
Pfannkuchen,25,343
Pfannkuchen,26,342
Pfannkuchen,27,343
Pfannkuchen,28,342
Pfannkuchen,29,347
Pfannkuchen,30,342
Pfannkuchen,31,342
Pfannkuchen,32,343
Pfannkuchen,33,340
Pfannkuchen,34,341
Pfannkuchen,35,343
Pfannkuchen,36,342
Pfannkuchen,37,341
Pfannkuchen,38,344
Pfannkuchen,39,341
Pfannkuchen,40,343
Pfannkuchen,41,344
Pfannkuchen,42,343
Pfannkuchen,43,342
Pfannkuchen,44,347
Pfannkuchen,45,341
Pfannkuchen,46,342
Pfannkuchen,47,342
Pfannkuchen,48,341
Pfannkuchen,49,343
Pfannkuchen,50,341
Pfannkuchen,51,341
Pfannkuchen,52,342
Pfannkuchen,53,342
Pfannkuchen,54,342
Pfannkuchen,55,342
Pfannkuchen,56,342
Pfannkuchen,57,341
Pfannkuchen,58,343
Pfannkuchen,59,342
Pfannkuchen,60,344
Pfannkuchen,61,342
Pfannkuchen,62,342
Pfannkuchen,63,343
Pfannkuchen,64,341
Pfannkuchen,65,343
Pfannkuchen,66,342
Pfannkuchen,67,341
Pfannkuchen,68,342
Pfannkuchen,69,343
Pfannkuchen,70,342
Pfannkuchen,71,343
Pfannkuchen,72,344
Pfannkuchen,73,341
Pfannkuchen,74,342
Pfannkuchen,75,343
Pfannkuchen,76,347
Pfannkuchen,77,344
Pfannkuchen,78,342
Pfannkuchen,79,346
Pfannkuchen,80,340
Pfannkuchen,81,342
Pfannkuchen,82,342
Pfannkuchen,83,341
Pfannkuchen,84,344
Pfannkuchen,85,343
Pfannkuchen,86,343
Pfannkuchen,87,343
Pfannkuchen,88,341
Pfannkuchen,89,342
Pfannkuchen,90,341
Pfannkuchen,91,342
Pfannkuchen,92,341
Pfannkuchen,93,343
Pfannkuchen,94,341
Pfannkuchen,95,343
Pfannkuchen,96,342
Pfannkuchen,97,342
Pfannkuchen,98,342
Pfannkuchen,99,342
Pfannkuchen,100,341
